<?xml version="1.0" encoding="UTF-8"?>
<project-private xmlns="http://www.netbeans.org/ns/project-private/1">
    <editor-bookmarks xmlns="http://www.netbeans.org/ns/editor-bookmarks/2" lastBookmarkId="0"/>
    <open-files xmlns="http://www.netbeans.org/ns/projectui-open-files/2">
        <group>
            <file>file:/E:/Documentos/NetBeansProjects/ProyectoLicencia2/src/Vista/FrmMenu.java</file>
            <file>file:/E:/Documentos/NetBeansProjects/ProyectoLicencia2/src/Cofiguración/Configuracion.java</file>
            <file>file:/E:/Documentos/NetBeansProjects/ProyectoLicencia2/src/Vista/Usuario.java</file>
            <file>file:/E:/Documentos/NetBeansProjects/ProyectoLicencia2/src/Controlador/ControladorUsuario.java</file>
            <file>file:/E:/Documentos/NetBeansProjects/ProyectoLicencia2/src/DAO/UsuarioDao.java</file>
        </group>
    </open-files>
</project-private>
